Module,Module Number,Relationship,First Object Name,First Image Number,First Object Number,Second Object Name,Second Image Number,Second Object Number
RelateObjects,40,Child,Vessels,533,100,Islets,533,2
RelateObjects,28,Child,Cells,46,1431,ExpandedIslets,46,2
RelateObjects,28,Child,Cells,55,411,ExpandedIslets,55,1
RelateObjects,28,Child,Cells,43,258,ExpandedIslets,43,3
RelateObjects,28,Child,Cells,43,1437,ExpandedIslets,43,10
RelateObjects,28,Child,Cells,35,1058,ExpandedIslets,35,2
RelateObjects,28,Child,Cells,35,1736,ExpandedIslets,35,2
RelateObjects,28,Child,Cells,37,377,ExpandedIslets,37,1
RelateObjects,28,Child,Cells,37,1250,ExpandedIslets,37,1
RelateObjects,28,Child,Cells,95,201,ExpandedIslets,95,2
RelateObjects,28,Child,Cells,76,1224,ExpandedIslets,76,3
RelateObjects,28,Child,Cells,74,298,ExpandedIslets,74,1
RelateObjects,28,Child,Cells,80,156,ExpandedIslets,80,1
RelateObjects,28,Child,Cells,141,209,ExpandedIslets,141,1
RelateObjects,28,Child,Cells,141,500,ExpandedIslets,141,1
RelateObjects,28,Child,Cells,132,1378,ExpandedIslets,132,4
RelateObjects,28,Child,Cells,142,436,ExpandedIslets,142,2
RelateObjects,28,Child,Cells,142,642,ExpandedIslets,142,2
RelateObjects,28,Child,Cells,142,1604,ExpandedIslets,142,2
RelateObjects,28,Child,Cells,142,1767,ExpandedIslets,142,5
RelateObjects,28,Child,Cells,159,1121,ExpandedIslets,159,3
RelateObjects,28,Child,Cells,155,886,ExpandedIslets,155,1
RelateObjects,28,Child,Cells,170,419,ExpandedIslets,170,2
RelateObjects,28,Child,Cells,170,1386,ExpandedIslets,170,2
RelateObjects,28,Child,Cells,187,812,ExpandedIslets,187,3
RelateObjects,28,Child,Cells,187,1537,ExpandedIslets,187,4
RelateObjects,28,Child,Cells,256,663,ExpandedIslets,256,1
RelateObjects,28,Child,Cells,265,909,ExpandedIslets,265,1
RelateObjects,28,Child,Cells,249,335,ExpandedIslets,249,2
RelateObjects,28,Child,Cells,249,1227,ExpandedIslets,249,6
RelateObjects,28,Child,Cells,237,5073,ExpandedIslets,237,3
RelateObjects,28,Child,Cells,237,5267,ExpandedIslets,237,5
RelateObjects,28,Child,Cells,236,790,ExpandedIslets,236,7
RelateObjects,28,Child,Cells,236,3720,ExpandedIslets,236,7
RelateObjects,28,Child,Cells,326,642,ExpandedIslets,326,1
RelateObjects,28,Child,Cells,326,1150,ExpandedIslets,326,1
RelateObjects,28,Child,Cells,354,402,ExpandedIslets,354,1
RelateObjects,28,Child,Cells,354,724,ExpandedIslets,354,1
RelateObjects,28,Child,Cells,354,1151,ExpandedIslets,354,1
RelateObjects,28,Child,Cells,382,1263,ExpandedIslets,382,1
RelateObjects,28,Child,Cells,382,1353,ExpandedIslets,382,1
RelateObjects,28,Child,Cells,370,1847,ExpandedIslets,370,5
RelateObjects,28,Child,Cells,417,2662,ExpandedIslets,417,2
RelateObjects,28,Child,Cells,419,1093,ExpandedIslets,419,1
RelateObjects,28,Child,Cells,392,538,ExpandedIslets,392,3
RelateObjects,28,Child,Cells,403,1858,ExpandedIslets,403,1
RelateObjects,28,Child,Cells,406,5366,ExpandedIslets,406,24
RelateObjects,28,Child,Cells,458,582,ExpandedIslets,458,3
RelateObjects,28,Child,Cells,444,1571,ExpandedIslets,444,5
RelateObjects,28,Child,Cells,462,1337,ExpandedIslets,462,3
RelateObjects,28,Child,Cells,462,1650,ExpandedIslets,462,3
RelateObjects,28,Child,Cells,462,1689,ExpandedIslets,462,3
RelateObjects,28,Child,Cells,488,871,ExpandedIslets,488,1
RelateObjects,28,Child,Cells,468,454,ExpandedIslets,468,1
RelateObjects,28,Child,Cells,468,1104,ExpandedIslets,468,3
RelateObjects,28,Child,Cells,468,2051,ExpandedIslets,468,8
RelateObjects,28,Child,Cells,496,1952,ExpandedIslets,496,8
RelateObjects,28,Child,Cells,496,4229,ExpandedIslets,496,12
RelateObjects,28,Child,Cells,496,4319,ExpandedIslets,496,11
RelateObjects,28,Child,Cells,534,1032,ExpandedIslets,534,2
RelateObjects,28,Child,Cells,534,1312,ExpandedIslets,534,4
RelateObjects,28,Child,Cells,533,100,ExpandedIslets,533,2
RelateObjects,28,Child,Cells,533,1331,ExpandedIslets,533,5
RelateObjects,28,Child,Cells,577,115,ExpandedIslets,577,1
RelateObjects,28,Child,Cells,560,31,ExpandedIslets,560,1
RelateObjects,28,Child,Cells,575,788,ExpandedIslets,575,2
RelateObjects,28,Child,Cells,575,1422,ExpandedIslets,575,2
RelateObjects,28,Child,Cells,574,3209,ExpandedIslets,574,7
RelateObjects,28,Child,Cells,590,51,ExpandedIslets,590,1
RelateObjects,28,Child,Cells,622,1014,ExpandedIslets,622,2
RelateObjects,28,Child,Cells,622,1373,ExpandedIslets,622,2
RelateObjects,28,Child,Cells,607,457,ExpandedIslets,607,1
RelateObjects,28,Child,Cells,607,1448,ExpandedIslets,607,5
RelateObjects,28,Child,Cells,607,1740,ExpandedIslets,607,5
RelateObjects,28,Child,Cells,640,884,ExpandedIslets,640,2
RelateObjects,28,Child,Cells,644,413,ExpandedIslets,644,1
RelateObjects,28,Child,Cells,644,1030,ExpandedIslets,644,2
RelateObjects,28,Child,Cells,644,2704,ExpandedIslets,644,7
RelateObjects,28,Child,Cells,671,570,ExpandedIslets,671,2
RelateObjects,28,Child,Cells,707,218,ExpandedIslets,707,2
RelateObjects,28,Child,Cells,736,1370,ExpandedIslets,736,6
RelateObjects,28,Child,Cells,709,2305,ExpandedIslets,709,9
RelateObjects,28,Child,Cells,714,675,ExpandedIslets,714,3
RelateObjects,28,Child,Cells,739,99,ExpandedIslets,739,2
RelateObjects,28,Child,Cells,739,2473,ExpandedIslets,739,13
RelateObjects,28,Child,Cells,739,2480,ExpandedIslets,739,14
RelateObjects,28,Child,Cells,739,2582,ExpandedIslets,739,14
RelateObjects,28,Child,Cells,754,26,ExpandedIslets,754,4
RelateObjects,28,Child,Cells,754,375,ExpandedIslets,754,3
RelateObjects,28,Child,Cells,754,412,ExpandedIslets,754,3
RelateObjects,28,Child,Cells,783,2156,ExpandedIslets,783,7
RelateObjects,28,Child,Cells,783,2406,ExpandedIslets,783,7
RelateObjects,28,Child,Cells,806,1473,ExpandedIslets,806,2
RelateObjects,28,Child,Cells,808,1330,ExpandedIslets,808,5
RelateObjects,28,Child,Cells,808,2395,ExpandedIslets,808,4
RelateObjects,28,Child,Cells,804,1906,ExpandedIslets,804,2
RelateObjects,28,Child,Cells,804,3440,ExpandedIslets,804,2
RelateObjects,28,Child,Cells,838,151,ExpandedIslets,838,1
RelateObjects,28,Child,Cells,838,956,ExpandedIslets,838,2
RelateObjects,28,Child,Cells,838,1407,ExpandedIslets,838,2
RelateObjects,28,Child,Cells,838,1760,ExpandedIslets,838,2
RelateObjects,42,Child,Cells,46,1431,ExpandedVessels,46,94
RelateObjects,42,Child,Cells,55,411,ExpandedVessels,55,13
RelateObjects,42,Child,Cells,43,258,ExpandedVessels,43,11
RelateObjects,42,Child,Cells,43,1437,ExpandedVessels,43,94
RelateObjects,42,Child,Cells,35,1058,ExpandedVessels,35,84
RelateObjects,42,Child,Cells,35,1736,ExpandedVessels,35,122
RelateObjects,42,Child,Cells,37,377,ExpandedVessels,37,32
RelateObjects,42,Child,Cells,37,1250,ExpandedVessels,37,76
RelateObjects,42,Child,Cells,95,201,ExpandedVessels,95,9
RelateObjects,42,Child,Cells,76,1224,ExpandedVessels,76,62
RelateObjects,42,Child,Cells,74,298,ExpandedVessels,74,25
RelateObjects,42,Child,Cells,80,156,ExpandedVessels,80,12
RelateObjects,42,Child,Cells,141,209,ExpandedVessels,141,10
RelateObjects,42,Child,Cells,141,500,ExpandedVessels,141,23
RelateObjects,42,Child,Cells,132,1378,ExpandedVessels,132,90
RelateObjects,42,Child,Cells,142,436,ExpandedVessels,142,23
RelateObjects,42,Child,Cells,142,642,ExpandedVessels,142,35
RelateObjects,42,Child,Cells,142,1604,ExpandedVessels,142,91
RelateObjects,42,Child,Cells,142,1767,ExpandedVessels,142,97
RelateObjects,42,Child,Cells,159,1121,ExpandedVessels,159,67
RelateObjects,42,Child,Cells,155,886,ExpandedVessels,155,45
RelateObjects,42,Child,Cells,170,419,ExpandedVessels,170,24
RelateObjects,42,Child,Cells,170,1386,ExpandedVessels,170,90
RelateObjects,42,Child,Cells,187,812,ExpandedVessels,187,49
RelateObjects,42,Child,Cells,187,1537,ExpandedVessels,187,93
RelateObjects,42,Child,Cells,256,663,ExpandedVessels,256,37
RelateObjects,42,Child,Cells,265,909,ExpandedVessels,265,50
RelateObjects,42,Child,Cells,249,335,ExpandedVessels,249,24
RelateObjects,42,Child,Cells,249,1227,ExpandedVessels,249,73
RelateObjects,42,Child,Cells,237,5073,ExpandedVessels,237,307
RelateObjects,42,Child,Cells,237,5267,ExpandedVessels,237,318
RelateObjects,42,Child,Cells,236,790,ExpandedVessels,236,51
RelateObjects,42,Child,Cells,236,3720,ExpandedVessels,236,206
RelateObjects,42,Child,Cells,326,642,ExpandedVessels,326,57
RelateObjects,42,Child,Cells,326,1150,ExpandedVessels,326,91
RelateObjects,42,Child,Cells,354,402,ExpandedVessels,354,31
RelateObjects,42,Child,Cells,354,724,ExpandedVessels,354,65
RelateObjects,42,Child,Cells,354,1151,ExpandedVessels,354,87
RelateObjects,42,Child,Cells,382,1263,ExpandedVessels,382,70
RelateObjects,42,Child,Cells,382,1353,ExpandedVessels,382,66
RelateObjects,42,Child,Cells,370,1847,ExpandedVessels,370,86
RelateObjects,42,Child,Cells,417,2662,ExpandedVessels,417,127
RelateObjects,42,Child,Cells,419,1093,ExpandedVessels,419,58
RelateObjects,42,Child,Cells,392,538,ExpandedVessels,392,25
RelateObjects,42,Child,Cells,403,1858,ExpandedVessels,403,106
RelateObjects,42,Child,Cells,406,5366,ExpandedVessels,406,279
RelateObjects,42,Child,Cells,458,582,ExpandedVessels,458,24
RelateObjects,42,Child,Cells,444,1571,ExpandedVessels,444,89
RelateObjects,42,Child,Cells,462,1337,ExpandedVessels,462,75
RelateObjects,42,Child,Cells,462,1650,ExpandedVessels,462,89
RelateObjects,42,Child,Cells,462,1689,ExpandedVessels,462,98
RelateObjects,42,Child,Cells,488,871,ExpandedVessels,488,31
RelateObjects,42,Child,Cells,468,454,ExpandedVessels,468,25
RelateObjects,42,Child,Cells,468,1104,ExpandedVessels,468,48
RelateObjects,42,Child,Cells,468,2051,ExpandedVessels,468,95
RelateObjects,42,Child,Cells,496,1952,ExpandedVessels,496,105
RelateObjects,42,Child,Cells,496,4229,ExpandedVessels,496,194
RelateObjects,42,Child,Cells,496,4319,ExpandedVessels,496,209
RelateObjects,42,Child,Cells,534,1032,ExpandedVessels,534,74
RelateObjects,42,Child,Cells,534,1312,ExpandedVessels,534,94
RelateObjects,42,Child,Cells,533,100,ExpandedVessels,533,14
RelateObjects,42,Child,Cells,533,1331,ExpandedVessels,533,127
RelateObjects,42,Child,Cells,577,115,ExpandedVessels,577,11
RelateObjects,42,Child,Cells,560,31,ExpandedVessels,560,7
RelateObjects,42,Child,Cells,575,788,ExpandedVessels,575,37
RelateObjects,42,Child,Cells,575,1422,ExpandedVessels,575,90
RelateObjects,42,Child,Cells,574,3209,ExpandedVessels,574,233
RelateObjects,42,Child,Cells,590,51,ExpandedVessels,590,5
RelateObjects,42,Child,Cells,622,1014,ExpandedVessels,622,73
RelateObjects,42,Child,Cells,622,1373,ExpandedVessels,622,92
RelateObjects,42,Child,Cells,607,457,ExpandedVessels,607,27
RelateObjects,42,Child,Cells,607,1448,ExpandedVessels,607,77
RelateObjects,42,Child,Cells,607,1740,ExpandedVessels,607,90
RelateObjects,42,Child,Cells,640,884,ExpandedVessels,640,62
RelateObjects,42,Child,Cells,644,413,ExpandedVessels,644,27
RelateObjects,42,Child,Cells,644,1030,ExpandedVessels,644,65
RelateObjects,42,Child,Cells,644,2704,ExpandedVessels,644,158
RelateObjects,42,Child,Cells,671,570,ExpandedVessels,671,43
RelateObjects,42,Child,Cells,707,218,ExpandedVessels,707,21
RelateObjects,42,Child,Cells,736,1370,ExpandedVessels,736,72
RelateObjects,42,Child,Cells,709,2305,ExpandedVessels,709,108
RelateObjects,42,Child,Cells,714,675,ExpandedVessels,714,41
RelateObjects,42,Child,Cells,739,99,ExpandedVessels,739,7
RelateObjects,42,Child,Cells,739,2473,ExpandedVessels,739,155
RelateObjects,42,Child,Cells,739,2480,ExpandedVessels,739,158
RelateObjects,42,Child,Cells,739,2582,ExpandedVessels,739,159
RelateObjects,42,Child,Cells,754,26,ExpandedVessels,754,3
RelateObjects,42,Child,Cells,754,375,ExpandedVessels,754,16
RelateObjects,42,Child,Cells,754,412,ExpandedVessels,754,18
RelateObjects,42,Child,Cells,783,2156,ExpandedVessels,783,106
RelateObjects,42,Child,Cells,783,2406,ExpandedVessels,783,123
RelateObjects,42,Child,Cells,806,1473,ExpandedVessels,806,102
RelateObjects,42,Child,Cells,808,1330,ExpandedVessels,808,86
RelateObjects,42,Child,Cells,808,2395,ExpandedVessels,808,154
RelateObjects,42,Child,Cells,804,1906,ExpandedVessels,804,105
RelateObjects,42,Child,Cells,804,3440,ExpandedVessels,804,203
RelateObjects,42,Child,Cells,838,151,ExpandedVessels,838,13
RelateObjects,42,Child,Cells,838,956,ExpandedVessels,838,56
RelateObjects,42,Child,Cells,838,1407,ExpandedVessels,838,90
RelateObjects,42,Child,Cells,838,1760,ExpandedVessels,838,102
RelateObjects,42,Parent,ExpandedVessels,37,377,Cells,37,5026
RelateObjects,42,Parent,ExpandedVessels,37,377,Cells,37,5065
RelateObjects,42,Parent,ExpandedVessels,37,377,Cells,37,5095
RelateObjects,42,Parent,ExpandedVessels,37,377,Cells,37,5111
RelateObjects,42,Parent,ExpandedVessels,37,377,Cells,37,5149
RelateObjects,42,Parent,ExpandedVessels,37,377,Cells,37,5178
RelateObjects,42,Parent,ExpandedVessels,37,377,Cells,37,5179
RelateObjects,42,Parent,ExpandedVessels,37,377,Cells,37,5220
RelateObjects,42,Parent,ExpandedVessels,37,377,Cells,37,5275
RelateObjects,42,Parent,ExpandedVessels,37,377,Cells,37,5283
RelateObjects,42,Parent,ExpandedVessels,80,156,Cells,80,2242
RelateObjects,42,Parent,ExpandedVessels,80,156,Cells,80,2313
RelateObjects,42,Parent,ExpandedVessels,80,156,Cells,80,2322
RelateObjects,42,Parent,ExpandedVessels,80,156,Cells,80,2345
RelateObjects,42,Parent,ExpandedVessels,533,100,Cells,533,939
RelateObjects,42,Parent,ExpandedVessels,533,100,Cells,533,955
RelateObjects,42,Parent,ExpandedVessels,533,100,Cells,533,991
RelateObjects,42,Parent,ExpandedVessels,533,100,Cells,533,1002
RelateObjects,42,Parent,ExpandedVessels,533,100,Cells,533,1018
RelateObjects,42,Parent,ExpandedVessels,533,100,Cells,533,1046
RelateObjects,42,Parent,ExpandedVessels,560,31,Cells,560,465
RelateObjects,42,Parent,ExpandedVessels,560,31,Cells,560,467
RelateObjects,42,Parent,ExpandedVessels,560,31,Cells,560,475
RelateObjects,42,Parent,ExpandedVessels,560,31,Cells,560,490
RelateObjects,42,Parent,ExpandedVessels,560,31,Cells,560,491
RelateObjects,42,Parent,ExpandedVessels,560,31,Cells,560,503
RelateObjects,42,Parent,ExpandedVessels,560,31,Cells,560,507
RelateObjects,42,Parent,ExpandedVessels,560,31,Cells,560,519
RelateObjects,42,Parent,ExpandedVessels,560,31,Cells,560,528
RelateObjects,42,Parent,ExpandedVessels,560,31,Cells,560,530
RelateObjects,42,Parent,ExpandedVessels,560,31,Cells,560,540
RelateObjects,42,Parent,ExpandedVessels,560,31,Cells,560,541
RelateObjects,42,Parent,ExpandedVessels,560,31,Cells,560,557
RelateObjects,42,Parent,ExpandedVessels,560,31,Cells,560,568
RelateObjects,42,Parent,ExpandedVessels,590,51,Cells,590,862
RelateObjects,42,Parent,ExpandedVessels,590,51,Cells,590,876
RelateObjects,42,Parent,ExpandedVessels,590,51,Cells,590,879
RelateObjects,42,Parent,ExpandedVessels,590,51,Cells,590,908
RelateObjects,42,Parent,ExpandedVessels,590,51,Cells,590,913
RelateObjects,42,Parent,ExpandedVessels,590,51,Cells,590,931
RelateObjects,42,Parent,ExpandedVessels,590,51,Cells,590,953
RelateObjects,42,Parent,ExpandedVessels,590,51,Cells,590,957
RelateObjects,42,Parent,ExpandedVessels,590,51,Cells,590,972
RelateObjects,42,Parent,ExpandedVessels,739,99,Cells,739,1621
RelateObjects,42,Parent,ExpandedVessels,739,99,Cells,739,1644
RelateObjects,42,Parent,ExpandedVessels,739,99,Cells,739,1671
RelateObjects,42,Parent,ExpandedVessels,739,99,Cells,739,1691
RelateObjects,42,Parent,ExpandedVessels,739,99,Cells,739,1720
RelateObjects,42,Parent,ExpandedVessels,739,99,Cells,739,1727
RelateObjects,42,Parent,ExpandedVessels,739,99,Cells,739,1779
RelateObjects,42,Parent,ExpandedVessels,739,99,Cells,739,1802
RelateObjects,42,Parent,ExpandedVessels,739,99,Cells,739,1827
RelateObjects,42,Parent,ExpandedVessels,754,26,Cells,754,474
RelateObjects,42,Parent,ExpandedVessels,754,26,Cells,754,494
RelateObjects,42,Parent,ExpandedVessels,754,26,Cells,754,531
RelateObjects,42,Parent,ExpandedVessels,754,26,Cells,754,550
RelateObjects,42,Parent,ExpandedVessels,754,26,Cells,754,551
RelateObjects,42,Parent,ExpandedVessels,754,26,Cells,754,552
RelateObjects,42,Parent,ExpandedVessels,754,26,Cells,754,573
RelateObjects,42,Parent,ExpandedVessels,754,26,Cells,754,574
RelateObjects,42,Parent,ExpandedVessels,754,26,Cells,754,575
RelateObjects,42,Parent,ExpandedVessels,754,26,Cells,754,603
RelateObjects,42,Parent,ExpandedVessels,754,26,Cells,754,607
RelateObjects,42,Parent,ExpandedVessels,754,26,Cells,754,614
RelateObjects,42,Parent,ExpandedVessels,754,26,Cells,754,624
IdentifySecondaryObjects,12,Parent,Nuclei,46,1431,UnfilteredCells,46,1431
IdentifySecondaryObjects,12,Parent,Nuclei,55,411,UnfilteredCells,55,411
IdentifySecondaryObjects,12,Parent,Nuclei,43,258,UnfilteredCells,43,258
IdentifySecondaryObjects,12,Parent,Nuclei,43,1437,UnfilteredCells,43,1437
IdentifySecondaryObjects,12,Parent,Nuclei,35,1058,UnfilteredCells,35,1058
IdentifySecondaryObjects,12,Parent,Nuclei,35,1736,UnfilteredCells,35,1736
IdentifySecondaryObjects,12,Parent,Nuclei,37,377,UnfilteredCells,37,377
IdentifySecondaryObjects,12,Parent,Nuclei,37,1250,UnfilteredCells,37,1250
IdentifySecondaryObjects,12,Parent,Nuclei,95,201,UnfilteredCells,95,201
IdentifySecondaryObjects,12,Parent,Nuclei,76,1224,UnfilteredCells,76,1224
IdentifySecondaryObjects,12,Parent,Nuclei,74,298,UnfilteredCells,74,298
IdentifySecondaryObjects,12,Parent,Nuclei,80,156,UnfilteredCells,80,156
IdentifySecondaryObjects,12,Parent,Nuclei,141,209,UnfilteredCells,141,209
IdentifySecondaryObjects,12,Parent,Nuclei,141,500,UnfilteredCells,141,500
IdentifySecondaryObjects,12,Parent,Nuclei,132,1378,UnfilteredCells,132,1378
IdentifySecondaryObjects,12,Parent,Nuclei,142,436,UnfilteredCells,142,436
IdentifySecondaryObjects,12,Parent,Nuclei,142,642,UnfilteredCells,142,642
IdentifySecondaryObjects,12,Parent,Nuclei,142,1604,UnfilteredCells,142,1604
IdentifySecondaryObjects,12,Parent,Nuclei,142,1767,UnfilteredCells,142,1767
IdentifySecondaryObjects,12,Parent,Nuclei,159,1121,UnfilteredCells,159,1121
IdentifySecondaryObjects,12,Parent,Nuclei,155,886,UnfilteredCells,155,886
IdentifySecondaryObjects,12,Parent,Nuclei,170,419,UnfilteredCells,170,419
IdentifySecondaryObjects,12,Parent,Nuclei,170,1386,UnfilteredCells,170,1386
IdentifySecondaryObjects,12,Parent,Nuclei,187,812,UnfilteredCells,187,812
IdentifySecondaryObjects,12,Parent,Nuclei,187,1537,UnfilteredCells,187,1537
IdentifySecondaryObjects,12,Parent,Nuclei,256,663,UnfilteredCells,256,663
IdentifySecondaryObjects,12,Parent,Nuclei,265,909,UnfilteredCells,265,909
IdentifySecondaryObjects,12,Parent,Nuclei,249,335,UnfilteredCells,249,335
IdentifySecondaryObjects,12,Parent,Nuclei,249,1227,UnfilteredCells,249,1227
IdentifySecondaryObjects,12,Parent,Nuclei,237,5073,UnfilteredCells,237,5073
IdentifySecondaryObjects,12,Parent,Nuclei,237,5267,UnfilteredCells,237,5267
IdentifySecondaryObjects,12,Parent,Nuclei,236,790,UnfilteredCells,236,790
IdentifySecondaryObjects,12,Parent,Nuclei,236,3720,UnfilteredCells,236,3720
IdentifySecondaryObjects,12,Parent,Nuclei,326,642,UnfilteredCells,326,642
IdentifySecondaryObjects,12,Parent,Nuclei,326,1150,UnfilteredCells,326,1150
IdentifySecondaryObjects,12,Parent,Nuclei,354,402,UnfilteredCells,354,402
IdentifySecondaryObjects,12,Parent,Nuclei,354,724,UnfilteredCells,354,724
IdentifySecondaryObjects,12,Parent,Nuclei,354,1151,UnfilteredCells,354,1151
IdentifySecondaryObjects,12,Parent,Nuclei,382,1263,UnfilteredCells,382,1263
IdentifySecondaryObjects,12,Parent,Nuclei,382,1353,UnfilteredCells,382,1353
IdentifySecondaryObjects,12,Parent,Nuclei,370,1847,UnfilteredCells,370,1847
IdentifySecondaryObjects,12,Parent,Nuclei,417,2662,UnfilteredCells,417,2662
IdentifySecondaryObjects,12,Parent,Nuclei,419,1093,UnfilteredCells,419,1093
IdentifySecondaryObjects,12,Parent,Nuclei,392,538,UnfilteredCells,392,538
IdentifySecondaryObjects,12,Parent,Nuclei,403,1858,UnfilteredCells,403,1858
IdentifySecondaryObjects,12,Parent,Nuclei,406,5366,UnfilteredCells,406,5366
IdentifySecondaryObjects,12,Parent,Nuclei,458,582,UnfilteredCells,458,582
IdentifySecondaryObjects,12,Parent,Nuclei,444,1571,UnfilteredCells,444,1571
IdentifySecondaryObjects,12,Parent,Nuclei,462,1337,UnfilteredCells,462,1337
IdentifySecondaryObjects,12,Parent,Nuclei,462,1650,UnfilteredCells,462,1650
IdentifySecondaryObjects,12,Parent,Nuclei,462,1689,UnfilteredCells,462,1689
IdentifySecondaryObjects,12,Parent,Nuclei,488,871,UnfilteredCells,488,871
IdentifySecondaryObjects,12,Parent,Nuclei,468,454,UnfilteredCells,468,454
IdentifySecondaryObjects,12,Parent,Nuclei,468,1104,UnfilteredCells,468,1104
IdentifySecondaryObjects,12,Parent,Nuclei,468,2051,UnfilteredCells,468,2051
IdentifySecondaryObjects,12,Parent,Nuclei,496,1952,UnfilteredCells,496,1952
IdentifySecondaryObjects,12,Parent,Nuclei,496,4229,UnfilteredCells,496,4229
IdentifySecondaryObjects,12,Parent,Nuclei,496,4319,UnfilteredCells,496,4319
IdentifySecondaryObjects,12,Parent,Nuclei,534,1032,UnfilteredCells,534,1032
IdentifySecondaryObjects,12,Parent,Nuclei,534,1312,UnfilteredCells,534,1312
IdentifySecondaryObjects,12,Parent,Nuclei,533,100,UnfilteredCells,533,100
IdentifySecondaryObjects,12,Parent,Nuclei,533,1331,UnfilteredCells,533,1331
IdentifySecondaryObjects,12,Parent,Nuclei,577,115,UnfilteredCells,577,115
IdentifySecondaryObjects,12,Parent,Nuclei,560,31,UnfilteredCells,560,31
IdentifySecondaryObjects,12,Parent,Nuclei,575,788,UnfilteredCells,575,788
IdentifySecondaryObjects,12,Parent,Nuclei,575,1422,UnfilteredCells,575,1422
IdentifySecondaryObjects,12,Parent,Nuclei,574,3209,UnfilteredCells,574,3209
IdentifySecondaryObjects,12,Parent,Nuclei,590,51,UnfilteredCells,590,51
IdentifySecondaryObjects,12,Parent,Nuclei,622,1014,UnfilteredCells,622,1014
IdentifySecondaryObjects,12,Parent,Nuclei,622,1373,UnfilteredCells,622,1373
IdentifySecondaryObjects,12,Parent,Nuclei,607,457,UnfilteredCells,607,457
IdentifySecondaryObjects,12,Parent,Nuclei,607,1448,UnfilteredCells,607,1448
IdentifySecondaryObjects,12,Parent,Nuclei,607,1740,UnfilteredCells,607,1740
IdentifySecondaryObjects,12,Parent,Nuclei,640,884,UnfilteredCells,640,884
IdentifySecondaryObjects,12,Parent,Nuclei,644,413,UnfilteredCells,644,413
IdentifySecondaryObjects,12,Parent,Nuclei,644,1030,UnfilteredCells,644,1030
IdentifySecondaryObjects,12,Parent,Nuclei,644,2704,UnfilteredCells,644,2704
IdentifySecondaryObjects,12,Parent,Nuclei,671,570,UnfilteredCells,671,570
IdentifySecondaryObjects,12,Parent,Nuclei,707,218,UnfilteredCells,707,218
IdentifySecondaryObjects,12,Parent,Nuclei,736,1370,UnfilteredCells,736,1370
IdentifySecondaryObjects,12,Parent,Nuclei,709,2305,UnfilteredCells,709,2305
IdentifySecondaryObjects,12,Parent,Nuclei,714,675,UnfilteredCells,714,675
IdentifySecondaryObjects,12,Parent,Nuclei,739,99,UnfilteredCells,739,99
IdentifySecondaryObjects,12,Parent,Nuclei,739,2473,UnfilteredCells,739,2473
IdentifySecondaryObjects,12,Parent,Nuclei,739,2480,UnfilteredCells,739,2480
IdentifySecondaryObjects,12,Parent,Nuclei,739,2582,UnfilteredCells,739,2582
IdentifySecondaryObjects,12,Parent,Nuclei,754,26,UnfilteredCells,754,26
IdentifySecondaryObjects,12,Parent,Nuclei,754,375,UnfilteredCells,754,375
IdentifySecondaryObjects,12,Parent,Nuclei,754,412,UnfilteredCells,754,412
IdentifySecondaryObjects,12,Parent,Nuclei,783,2156,UnfilteredCells,783,2156
IdentifySecondaryObjects,12,Parent,Nuclei,783,2406,UnfilteredCells,783,2406
IdentifySecondaryObjects,12,Parent,Nuclei,806,1473,UnfilteredCells,806,1473
IdentifySecondaryObjects,12,Parent,Nuclei,808,1330,UnfilteredCells,808,1330
IdentifySecondaryObjects,12,Parent,Nuclei,808,2395,UnfilteredCells,808,2395
IdentifySecondaryObjects,12,Parent,Nuclei,804,1906,UnfilteredCells,804,1906
IdentifySecondaryObjects,12,Parent,Nuclei,804,3440,UnfilteredCells,804,3440
IdentifySecondaryObjects,12,Parent,Nuclei,838,151,UnfilteredCells,838,151
IdentifySecondaryObjects,12,Parent,Nuclei,838,956,UnfilteredCells,838,956
IdentifySecondaryObjects,12,Parent,Nuclei,838,1407,UnfilteredCells,838,1407
IdentifySecondaryObjects,12,Parent,Nuclei,838,1760,UnfilteredCells,838,1760
MeasureObjectNeighbors,48,Neighbors,Cells,46,1431,Cells,46,1403
MeasureObjectNeighbors,48,Neighbors,Cells,46,1431,Cells,46,1413
MeasureObjectNeighbors,48,Neighbors,Cells,46,1431,Cells,46,1448
MeasureObjectNeighbors,48,Neighbors,Cells,55,411,Cells,55,378
MeasureObjectNeighbors,48,Neighbors,Cells,55,411,Cells,55,391
MeasureObjectNeighbors,48,Neighbors,Cells,55,411,Cells,55,415
MeasureObjectNeighbors,48,Neighbors,Cells,55,411,Cells,55,428
MeasureObjectNeighbors,48,Neighbors,Cells,55,411,Cells,55,459
MeasureObjectNeighbors,48,Neighbors,Cells,43,258,Cells,43,143
MeasureObjectNeighbors,48,Neighbors,Cells,43,258,Cells,43,190
MeasureObjectNeighbors,48,Neighbors,Cells,43,258,Cells,43,214
MeasureObjectNeighbors,48,Neighbors,Cells,43,258,Cells,43,222
MeasureObjectNeighbors,48,Neighbors,Cells,43,258,Cells,43,268
MeasureObjectNeighbors,48,Neighbors,Cells,43,258,Cells,43,316
MeasureObjectNeighbors,48,Neighbors,Cells,43,258,Cells,43,336
MeasureObjectNeighbors,48,Neighbors,Cells,43,1437,Cells,43,1401
MeasureObjectNeighbors,48,Neighbors,Cells,43,1437,Cells,43,1438
MeasureObjectNeighbors,48,Neighbors,Cells,43,1437,Cells,43,1460
MeasureObjectNeighbors,48,Neighbors,Cells,43,1437,Cells,43,1482
MeasureObjectNeighbors,48,Neighbors,Cells,35,1058,Cells,35,1013
MeasureObjectNeighbors,48,Neighbors,Cells,35,1058,Cells,35,1051
MeasureObjectNeighbors,48,Neighbors,Cells,35,1058,Cells,35,1077
MeasureObjectNeighbors,48,Neighbors,Cells,35,1736,Cells,35,1691
MeasureObjectNeighbors,48,Neighbors,Cells,35,1736,Cells,35,1752
MeasureObjectNeighbors,48,Neighbors,Cells,37,377,Cells,37,291
MeasureObjectNeighbors,48,Neighbors,Cells,37,377,Cells,37,383
MeasureObjectNeighbors,48,Neighbors,Cells,37,377,Cells,37,443
MeasureObjectNeighbors,48,Neighbors,Cells,37,1250,Cells,37,1144
MeasureObjectNeighbors,48,Neighbors,Cells,37,1250,Cells,37,1177
MeasureObjectNeighbors,48,Neighbors,Cells,37,1250,Cells,37,1237
MeasureObjectNeighbors,48,Neighbors,Cells,37,1250,Cells,37,1305
MeasureObjectNeighbors,48,Neighbors,Cells,37,1250,Cells,37,1307
MeasureObjectNeighbors,48,Neighbors,Cells,95,201,Cells,95,171
MeasureObjectNeighbors,48,Neighbors,Cells,95,201,Cells,95,173
MeasureObjectNeighbors,48,Neighbors,Cells,95,201,Cells,95,178
MeasureObjectNeighbors,48,Neighbors,Cells,95,201,Cells,95,207
MeasureObjectNeighbors,48,Neighbors,Cells,95,201,Cells,95,220
MeasureObjectNeighbors,48,Neighbors,Cells,95,201,Cells,95,229
MeasureObjectNeighbors,48,Neighbors,Cells,76,1224,Cells,76,1193
MeasureObjectNeighbors,48,Neighbors,Cells,76,1224,Cells,76,1203
MeasureObjectNeighbors,48,Neighbors,Cells,76,1224,Cells,76,1222
MeasureObjectNeighbors,48,Neighbors,Cells,74,298,Cells,74,264
MeasureObjectNeighbors,48,Neighbors,Cells,74,298,Cells,74,288
MeasureObjectNeighbors,48,Neighbors,Cells,74,298,Cells,74,342
MeasureObjectNeighbors,48,Neighbors,Cells,74,298,Cells,74,379
MeasureObjectNeighbors,48,Neighbors,Cells,80,156,Cells,80,115
MeasureObjectNeighbors,48,Neighbors,Cells,80,156,Cells,80,140
MeasureObjectNeighbors,48,Neighbors,Cells,80,156,Cells,80,188
MeasureObjectNeighbors,48,Neighbors,Cells,80,156,Cells,80,224
MeasureObjectNeighbors,48,Neighbors,Cells,141,209,Cells,141,189
MeasureObjectNeighbors,48,Neighbors,Cells,141,209,Cells,141,216
MeasureObjectNeighbors,48,Neighbors,Cells,141,209,Cells,141,218
MeasureObjectNeighbors,48,Neighbors,Cells,141,209,Cells,141,236
MeasureObjectNeighbors,48,Neighbors,Cells,141,209,Cells,141,262
MeasureObjectNeighbors,48,Neighbors,Cells,141,209,Cells,141,293
MeasureObjectNeighbors,48,Neighbors,Cells,141,500,Cells,141,446
MeasureObjectNeighbors,48,Neighbors,Cells,141,500,Cells,141,449
MeasureObjectNeighbors,48,Neighbors,Cells,141,500,Cells,141,471
MeasureObjectNeighbors,48,Neighbors,Cells,141,500,Cells,141,487
MeasureObjectNeighbors,48,Neighbors,Cells,141,500,Cells,141,515
MeasureObjectNeighbors,48,Neighbors,Cells,141,500,Cells,141,521
MeasureObjectNeighbors,48,Neighbors,Cells,141,500,Cells,141,536
MeasureObjectNeighbors,48,Neighbors,Cells,132,1378,Cells,132,1310
MeasureObjectNeighbors,48,Neighbors,Cells,132,1378,Cells,132,1344
MeasureObjectNeighbors,48,Neighbors,Cells,132,1378,Cells,132,1389
MeasureObjectNeighbors,48,Neighbors,Cells,132,1378,Cells,132,1400
MeasureObjectNeighbors,48,Neighbors,Cells,132,1378,Cells,132,1418
MeasureObjectNeighbors,48,Neighbors,Cells,142,436,Cells,142,381
MeasureObjectNeighbors,48,Neighbors,Cells,142,436,Cells,142,386
MeasureObjectNeighbors,48,Neighbors,Cells,142,436,Cells,142,457
MeasureObjectNeighbors,48,Neighbors,Cells,142,642,Cells,142,602
MeasureObjectNeighbors,48,Neighbors,Cells,142,642,Cells,142,671
MeasureObjectNeighbors,48,Neighbors,Cells,142,1604,Cells,142,1561
MeasureObjectNeighbors,48,Neighbors,Cells,142,1604,Cells,142,1585
MeasureObjectNeighbors,48,Neighbors,Cells,142,1604,Cells,142,1592
MeasureObjectNeighbors,48,Neighbors,Cells,142,1604,Cells,142,1633
MeasureObjectNeighbors,48,Neighbors,Cells,142,1604,Cells,142,1676
MeasureObjectNeighbors,48,Neighbors,Cells,142,1767,Cells,142,1694
MeasureObjectNeighbors,48,Neighbors,Cells,142,1767,Cells,142,1732
MeasureObjectNeighbors,48,Neighbors,Cells,142,1767,Cells,142,1752
MeasureObjectNeighbors,48,Neighbors,Cells,142,1767,Cells,142,1775
MeasureObjectNeighbors,48,Neighbors,Cells,142,1767,Cells,142,1795
MeasureObjectNeighbors,48,Neighbors,Cells,142,1767,Cells,142,1832
MeasureObjectNeighbors,48,Neighbors,Cells,159,1121,Cells,159,1066
MeasureObjectNeighbors,48,Neighbors,Cells,159,1121,Cells,159,1086
MeasureObjectNeighbors,48,Neighbors,Cells,159,1121,Cells,159,1112
MeasureObjectNeighbors,48,Neighbors,Cells,159,1121,Cells,159,1141
MeasureObjectNeighbors,48,Neighbors,Cells,159,1121,Cells,159,1155
MeasureObjectNeighbors,48,Neighbors,Cells,159,1121,Cells,159,1179
MeasureObjectNeighbors,48,Neighbors,Cells,155,886,Cells,155,830
MeasureObjectNeighbors,48,Neighbors,Cells,155,886,Cells,155,844
MeasureObjectNeighbors,48,Neighbors,Cells,155,886,Cells,155,902
MeasureObjectNeighbors,48,Neighbors,Cells,155,886,Cells,155,908
MeasureObjectNeighbors,48,Neighbors,Cells,170,419,Cells,170,398
MeasureObjectNeighbors,48,Neighbors,Cells,170,419,Cells,170,406
MeasureObjectNeighbors,48,Neighbors,Cells,170,419,Cells,170,437
MeasureObjectNeighbors,48,Neighbors,Cells,170,419,Cells,170,459
MeasureObjectNeighbors,48,Neighbors,Cells,170,1386,Cells,170,1356
MeasureObjectNeighbors,48,Neighbors,Cells,170,1386,Cells,170,1357
MeasureObjectNeighbors,48,Neighbors,Cells,170,1386,Cells,170,1387
MeasureObjectNeighbors,48,Neighbors,Cells,170,1386,Cells,170,1408
MeasureObjectNeighbors,48,Neighbors,Cells,187,812,Cells,187,757
MeasureObjectNeighbors,48,Neighbors,Cells,187,812,Cells,187,758
MeasureObjectNeighbors,48,Neighbors,Cells,187,812,Cells,187,808
MeasureObjectNeighbors,48,Neighbors,Cells,187,812,Cells,187,843
MeasureObjectNeighbors,48,Neighbors,Cells,187,812,Cells,187,857
MeasureObjectNeighbors,48,Neighbors,Cells,187,1537,Cells,187,1492
MeasureObjectNeighbors,48,Neighbors,Cells,187,1537,Cells,187,1498
MeasureObjectNeighbors,48,Neighbors,Cells,187,1537,Cells,187,1531
MeasureObjectNeighbors,48,Neighbors,Cells,187,1537,Cells,187,1544
MeasureObjectNeighbors,48,Neighbors,Cells,187,1537,Cells,187,1578
MeasureObjectNeighbors,48,Neighbors,Cells,187,1537,Cells,187,1581
MeasureObjectNeighbors,48,Neighbors,Cells,256,663,Cells,256,634
MeasureObjectNeighbors,48,Neighbors,Cells,256,663,Cells,256,635
MeasureObjectNeighbors,48,Neighbors,Cells,256,663,Cells,256,667
MeasureObjectNeighbors,48,Neighbors,Cells,256,663,Cells,256,689
MeasureObjectNeighbors,48,Neighbors,Cells,265,909,Cells,265,911
MeasureObjectNeighbors,48,Neighbors,Cells,265,909,Cells,265,944
MeasureObjectNeighbors,48,Neighbors,Cells,249,335,Cells,249,340
MeasureObjectNeighbors,48,Neighbors,Cells,249,335,Cells,249,382
MeasureObjectNeighbors,48,Neighbors,Cells,249,1227,Cells,249,1207
MeasureObjectNeighbors,48,Neighbors,Cells,249,1227,Cells,249,1266
MeasureObjectNeighbors,48,Neighbors,Cells,249,1227,Cells,249,1271
MeasureObjectNeighbors,48,Neighbors,Cells,237,5073,Cells,237,4987
MeasureObjectNeighbors,48,Neighbors,Cells,237,5073,Cells,237,5035
MeasureObjectNeighbors,48,Neighbors,Cells,237,5073,Cells,237,5050
MeasureObjectNeighbors,48,Neighbors,Cells,237,5073,Cells,237,5075
MeasureObjectNeighbors,48,Neighbors,Cells,237,5073,Cells,237,5091
MeasureObjectNeighbors,48,Neighbors,Cells,237,5073,Cells,237,5132
MeasureObjectNeighbors,48,Neighbors,Cells,237,5073,Cells,237,5141
MeasureObjectNeighbors,48,Neighbors,Cells,237,5267,Cells,237,5221
MeasureObjectNeighbors,48,Neighbors,Cells,237,5267,Cells,237,5226
MeasureObjectNeighbors,48,Neighbors,Cells,237,5267,Cells,237,5257
MeasureObjectNeighbors,48,Neighbors,Cells,237,5267,Cells,237,5281
MeasureObjectNeighbors,48,Neighbors,Cells,237,5267,Cells,237,5304
MeasureObjectNeighbors,48,Neighbors,Cells,237,5267,Cells,237,5324
MeasureObjectNeighbors,48,Neighbors,Cells,236,790,Cells,236,678
MeasureObjectNeighbors,48,Neighbors,Cells,236,790,Cells,236,768
MeasureObjectNeighbors,48,Neighbors,Cells,236,790,Cells,236,825
MeasureObjectNeighbors,48,Neighbors,Cells,236,790,Cells,236,884
MeasureObjectNeighbors,48,Neighbors,Cells,236,3720,Cells,236,3650
MeasureObjectNeighbors,48,Neighbors,Cells,236,3720,Cells,236,3671
MeasureObjectNeighbors,48,Neighbors,Cells,236,3720,Cells,236,3733
MeasureObjectNeighbors,48,Neighbors,Cells,236,3720,Cells,236,3761
MeasureObjectNeighbors,48,Neighbors,Cells,326,642,Cells,326,581
MeasureObjectNeighbors,48,Neighbors,Cells,326,642,Cells,326,647
MeasureObjectNeighbors,48,Neighbors,Cells,326,642,Cells,326,657
MeasureObjectNeighbors,48,Neighbors,Cells,326,642,Cells,326,676
MeasureObjectNeighbors,48,Neighbors,Cells,326,642,Cells,326,690
MeasureObjectNeighbors,48,Neighbors,Cells,326,1150,Cells,326,1102
MeasureObjectNeighbors,48,Neighbors,Cells,326,1150,Cells,326,1124
MeasureObjectNeighbors,48,Neighbors,Cells,326,1150,Cells,326,1163
MeasureObjectNeighbors,48,Neighbors,Cells,326,1150,Cells,326,1190
MeasureObjectNeighbors,48,Neighbors,Cells,354,402,Cells,354,378
MeasureObjectNeighbors,48,Neighbors,Cells,354,402,Cells,354,401
MeasureObjectNeighbors,48,Neighbors,Cells,354,402,Cells,354,409
MeasureObjectNeighbors,48,Neighbors,Cells,354,402,Cells,354,427
MeasureObjectNeighbors,48,Neighbors,Cells,354,724,Cells,354,684
MeasureObjectNeighbors,48,Neighbors,Cells,354,724,Cells,354,689
MeasureObjectNeighbors,48,Neighbors,Cells,354,724,Cells,354,722
MeasureObjectNeighbors,48,Neighbors,Cells,354,724,Cells,354,761
MeasureObjectNeighbors,48,Neighbors,Cells,354,724,Cells,354,764
MeasureObjectNeighbors,48,Neighbors,Cells,354,1151,Cells,354,1180
MeasureObjectNeighbors,48,Neighbors,Cells,382,1263,Cells,382,1215
MeasureObjectNeighbors,48,Neighbors,Cells,382,1263,Cells,382,1250
MeasureObjectNeighbors,48,Neighbors,Cells,382,1263,Cells,382,1282
MeasureObjectNeighbors,48,Neighbors,Cells,382,1263,Cells,382,1289
MeasureObjectNeighbors,48,Neighbors,Cells,382,1263,Cells,382,1314
MeasureObjectNeighbors,48,Neighbors,Cells,382,1263,Cells,382,1320
MeasureObjectNeighbors,48,Neighbors,Cells,382,1353,Cells,382,1337
MeasureObjectNeighbors,48,Neighbors,Cells,382,1353,Cells,382,1341
MeasureObjectNeighbors,48,Neighbors,Cells,382,1353,Cells,382,1367
MeasureObjectNeighbors,48,Neighbors,Cells,382,1353,Cells,382,1385
MeasureObjectNeighbors,48,Neighbors,Cells,370,1847,Cells,370,1811
MeasureObjectNeighbors,48,Neighbors,Cells,370,1847,Cells,370,1829
MeasureObjectNeighbors,48,Neighbors,Cells,370,1847,Cells,370,1857
MeasureObjectNeighbors,48,Neighbors,Cells,370,1847,Cells,370,1878
MeasureObjectNeighbors,48,Neighbors,Cells,370,1847,Cells,370,1891
MeasureObjectNeighbors,48,Neighbors,Cells,417,2662,Cells,417,2586
MeasureObjectNeighbors,48,Neighbors,Cells,417,2662,Cells,417,2633
MeasureObjectNeighbors,48,Neighbors,Cells,417,2662,Cells,417,2668
MeasureObjectNeighbors,48,Neighbors,Cells,417,2662,Cells,417,2693
MeasureObjectNeighbors,48,Neighbors,Cells,417,2662,Cells,417,2738
MeasureObjectNeighbors,48,Neighbors,Cells,419,1093,Cells,419,1068
MeasureObjectNeighbors,48,Neighbors,Cells,419,1093,Cells,419,1069
MeasureObjectNeighbors,48,Neighbors,Cells,419,1093,Cells,419,1104
MeasureObjectNeighbors,48,Neighbors,Cells,419,1093,Cells,419,1116
MeasureObjectNeighbors,48,Neighbors,Cells,392,538,Cells,392,503
MeasureObjectNeighbors,48,Neighbors,Cells,392,538,Cells,392,519
MeasureObjectNeighbors,48,Neighbors,Cells,392,538,Cells,392,522
MeasureObjectNeighbors,48,Neighbors,Cells,392,538,Cells,392,550
MeasureObjectNeighbors,48,Neighbors,Cells,392,538,Cells,392,571
MeasureObjectNeighbors,48,Neighbors,Cells,403,1858,Cells,403,1785
MeasureObjectNeighbors,48,Neighbors,Cells,403,1858,Cells,403,1796
MeasureObjectNeighbors,48,Neighbors,Cells,403,1858,Cells,403,1852
MeasureObjectNeighbors,48,Neighbors,Cells,403,1858,Cells,403,1869
MeasureObjectNeighbors,48,Neighbors,Cells,403,1858,Cells,403,1913
MeasureObjectNeighbors,48,Neighbors,Cells,403,1858,Cells,403,1916
MeasureObjectNeighbors,48,Neighbors,Cells,406,5366,Cells,406,5289
MeasureObjectNeighbors,48,Neighbors,Cells,406,5366,Cells,406,5352
MeasureObjectNeighbors,48,Neighbors,Cells,406,5366,Cells,406,5383
MeasureObjectNeighbors,48,Neighbors,Cells,406,5366,Cells,406,5421
MeasureObjectNeighbors,48,Neighbors,Cells,406,5366,Cells,406,5431
MeasureObjectNeighbors,48,Neighbors,Cells,458,582,Cells,458,553
MeasureObjectNeighbors,48,Neighbors,Cells,458,582,Cells,458,567
MeasureObjectNeighbors,48,Neighbors,Cells,458,582,Cells,458,615
MeasureObjectNeighbors,48,Neighbors,Cells,458,582,Cells,458,616
MeasureObjectNeighbors,48,Neighbors,Cells,458,582,Cells,458,637
MeasureObjectNeighbors,48,Neighbors,Cells,444,1571,Cells,444,1531
MeasureObjectNeighbors,48,Neighbors,Cells,444,1571,Cells,444,1538
MeasureObjectNeighbors,48,Neighbors,Cells,444,1571,Cells,444,1541
MeasureObjectNeighbors,48,Neighbors,Cells,444,1571,Cells,444,1559
MeasureObjectNeighbors,48,Neighbors,Cells,444,1571,Cells,444,1597
MeasureObjectNeighbors,48,Neighbors,Cells,444,1571,Cells,444,1609
MeasureObjectNeighbors,48,Neighbors,Cells,462,1337,Cells,462,1306
MeasureObjectNeighbors,48,Neighbors,Cells,462,1337,Cells,462,1311
MeasureObjectNeighbors,48,Neighbors,Cells,462,1337,Cells,462,1355
MeasureObjectNeighbors,48,Neighbors,Cells,462,1650,Cells,462,1594
MeasureObjectNeighbors,48,Neighbors,Cells,462,1650,Cells,462,1634
MeasureObjectNeighbors,48,Neighbors,Cells,462,1650,Cells,462,1642
MeasureObjectNeighbors,48,Neighbors,Cells,462,1650,Cells,462,1676
MeasureObjectNeighbors,48,Neighbors,Cells,462,1650,Cells,462,1677
MeasureObjectNeighbors,48,Neighbors,Cells,462,1650,Cells,462,1692
MeasureObjectNeighbors,48,Neighbors,Cells,462,1689,Cells,462,1658
MeasureObjectNeighbors,48,Neighbors,Cells,462,1689,Cells,462,1675
MeasureObjectNeighbors,48,Neighbors,Cells,462,1689,Cells,462,1724
MeasureObjectNeighbors,48,Neighbors,Cells,488,871,Cells,488,837
MeasureObjectNeighbors,48,Neighbors,Cells,488,871,Cells,488,844
MeasureObjectNeighbors,48,Neighbors,Cells,488,871,Cells,488,863
MeasureObjectNeighbors,48,Neighbors,Cells,488,871,Cells,488,902
MeasureObjectNeighbors,48,Neighbors,Cells,468,454,Cells,468,404
MeasureObjectNeighbors,48,Neighbors,Cells,468,454,Cells,468,429
MeasureObjectNeighbors,48,Neighbors,Cells,468,454,Cells,468,489
MeasureObjectNeighbors,48,Neighbors,Cells,468,454,Cells,468,494
MeasureObjectNeighbors,48,Neighbors,Cells,468,1104,Cells,468,1023
MeasureObjectNeighbors,48,Neighbors,Cells,468,1104,Cells,468,1033
MeasureObjectNeighbors,48,Neighbors,Cells,468,1104,Cells,468,1094
MeasureObjectNeighbors,48,Neighbors,Cells,468,1104,Cells,468,1118
MeasureObjectNeighbors,48,Neighbors,Cells,468,1104,Cells,468,1149
MeasureObjectNeighbors,48,Neighbors,Cells,468,1104,Cells,468,1168
MeasureObjectNeighbors,48,Neighbors,Cells,468,2051,Cells,468,2008
MeasureObjectNeighbors,48,Neighbors,Cells,468,2051,Cells,468,2062
MeasureObjectNeighbors,48,Neighbors,Cells,468,2051,Cells,468,2087
MeasureObjectNeighbors,48,Neighbors,Cells,496,1952,Cells,496,1898
MeasureObjectNeighbors,48,Neighbors,Cells,496,1952,Cells,496,1899
MeasureObjectNeighbors,48,Neighbors,Cells,496,1952,Cells,496,1960
MeasureObjectNeighbors,48,Neighbors,Cells,496,1952,Cells,496,2024
MeasureObjectNeighbors,48,Neighbors,Cells,496,4229,Cells,496,4154
MeasureObjectNeighbors,48,Neighbors,Cells,496,4229,Cells,496,4196
MeasureObjectNeighbors,48,Neighbors,Cells,496,4229,Cells,496,4215
MeasureObjectNeighbors,48,Neighbors,Cells,496,4229,Cells,496,4287
MeasureObjectNeighbors,48,Neighbors,Cells,496,4229,Cells,496,4293
MeasureObjectNeighbors,48,Neighbors,Cells,496,4229,Cells,496,4309
MeasureObjectNeighbors,48,Neighbors,Cells,496,4319,Cells,496,4242
MeasureObjectNeighbors,48,Neighbors,Cells,496,4319,Cells,496,4311
MeasureObjectNeighbors,48,Neighbors,Cells,496,4319,Cells,496,4312
MeasureObjectNeighbors,48,Neighbors,Cells,496,4319,Cells,496,4373
MeasureObjectNeighbors,48,Neighbors,Cells,534,1032,Cells,534,990
MeasureObjectNeighbors,48,Neighbors,Cells,534,1032,Cells,534,1016
MeasureObjectNeighbors,48,Neighbors,Cells,534,1032,Cells,534,1031
MeasureObjectNeighbors,48,Neighbors,Cells,534,1032,Cells,534,1056
MeasureObjectNeighbors,48,Neighbors,Cells,534,1032,Cells,534,1072
MeasureObjectNeighbors,48,Neighbors,Cells,534,1032,Cells,534,1082
MeasureObjectNeighbors,48,Neighbors,Cells,534,1032,Cells,534,1115
MeasureObjectNeighbors,48,Neighbors,Cells,534,1312,Cells,534,1284
MeasureObjectNeighbors,48,Neighbors,Cells,534,1312,Cells,534,1287
MeasureObjectNeighbors,48,Neighbors,Cells,534,1312,Cells,534,1327
MeasureObjectNeighbors,48,Neighbors,Cells,534,1312,Cells,534,1339
MeasureObjectNeighbors,48,Neighbors,Cells,533,100,Cells,533,53
MeasureObjectNeighbors,48,Neighbors,Cells,533,100,Cells,533,55
MeasureObjectNeighbors,48,Neighbors,Cells,533,100,Cells,533,106
MeasureObjectNeighbors,48,Neighbors,Cells,533,100,Cells,533,126
MeasureObjectNeighbors,48,Neighbors,Cells,533,100,Cells,533,156
MeasureObjectNeighbors,48,Neighbors,Cells,533,100,Cells,533,172
MeasureObjectNeighbors,48,Neighbors,Cells,533,1331,Cells,533,1283
MeasureObjectNeighbors,48,Neighbors,Cells,533,1331,Cells,533,1284
MeasureObjectNeighbors,48,Neighbors,Cells,533,1331,Cells,533,1303
MeasureObjectNeighbors,48,Neighbors,Cells,533,1331,Cells,533,1350
MeasureObjectNeighbors,48,Neighbors,Cells,533,1331,Cells,533,1360
MeasureObjectNeighbors,48,Neighbors,Cells,577,115,Cells,577,99
MeasureObjectNeighbors,48,Neighbors,Cells,577,115,Cells,577,114
MeasureObjectNeighbors,48,Neighbors,Cells,560,31,Cells,560,8
MeasureObjectNeighbors,48,Neighbors,Cells,560,31,Cells,560,14
MeasureObjectNeighbors,48,Neighbors,Cells,560,31,Cells,560,21
MeasureObjectNeighbors,48,Neighbors,Cells,560,31,Cells,560,66
MeasureObjectNeighbors,48,Neighbors,Cells,560,31,Cells,560,81
MeasureObjectNeighbors,48,Neighbors,Cells,575,788,Cells,575,741
MeasureObjectNeighbors,48,Neighbors,Cells,575,788,Cells,575,745
MeasureObjectNeighbors,48,Neighbors,Cells,575,788,Cells,575,784
MeasureObjectNeighbors,48,Neighbors,Cells,575,788,Cells,575,792
MeasureObjectNeighbors,48,Neighbors,Cells,575,788,Cells,575,862
MeasureObjectNeighbors,48,Neighbors,Cells,575,1422,Cells,575,1383
MeasureObjectNeighbors,48,Neighbors,Cells,575,1422,Cells,575,1404
MeasureObjectNeighbors,48,Neighbors,Cells,575,1422,Cells,575,1419
MeasureObjectNeighbors,48,Neighbors,Cells,575,1422,Cells,575,1466
MeasureObjectNeighbors,48,Neighbors,Cells,575,1422,Cells,575,1483
MeasureObjectNeighbors,48,Neighbors,Cells,574,3209,Cells,574,3120
MeasureObjectNeighbors,48,Neighbors,Cells,574,3209,Cells,574,3161
MeasureObjectNeighbors,48,Neighbors,Cells,574,3209,Cells,574,3206
MeasureObjectNeighbors,48,Neighbors,Cells,574,3209,Cells,574,3272
MeasureObjectNeighbors,48,Neighbors,Cells,590,51,Cells,590,15
MeasureObjectNeighbors,48,Neighbors,Cells,590,51,Cells,590,38
MeasureObjectNeighbors,48,Neighbors,Cells,590,51,Cells,590,52
MeasureObjectNeighbors,48,Neighbors,Cells,590,51,Cells,590,80
MeasureObjectNeighbors,48,Neighbors,Cells,622,1014,Cells,622,910
MeasureObjectNeighbors,48,Neighbors,Cells,622,1014,Cells,622,944
MeasureObjectNeighbors,48,Neighbors,Cells,622,1014,Cells,622,975
MeasureObjectNeighbors,48,Neighbors,Cells,622,1014,Cells,622,983
MeasureObjectNeighbors,48,Neighbors,Cells,622,1014,Cells,622,1036
MeasureObjectNeighbors,48,Neighbors,Cells,622,1014,Cells,622,1037
MeasureObjectNeighbors,48,Neighbors,Cells,622,1373,Cells,622,1316
MeasureObjectNeighbors,48,Neighbors,Cells,622,1373,Cells,622,1348
MeasureObjectNeighbors,48,Neighbors,Cells,622,1373,Cells,622,1370
MeasureObjectNeighbors,48,Neighbors,Cells,622,1373,Cells,622,1376
MeasureObjectNeighbors,48,Neighbors,Cells,622,1373,Cells,622,1418
MeasureObjectNeighbors,48,Neighbors,Cells,607,457,Cells,607,402
MeasureObjectNeighbors,48,Neighbors,Cells,607,457,Cells,607,423
MeasureObjectNeighbors,48,Neighbors,Cells,607,457,Cells,607,453
MeasureObjectNeighbors,48,Neighbors,Cells,607,457,Cells,607,474
MeasureObjectNeighbors,48,Neighbors,Cells,607,457,Cells,607,479
MeasureObjectNeighbors,48,Neighbors,Cells,607,457,Cells,607,497
MeasureObjectNeighbors,48,Neighbors,Cells,607,1448,Cells,607,1438
MeasureObjectNeighbors,48,Neighbors,Cells,607,1448,Cells,607,1476
MeasureObjectNeighbors,48,Neighbors,Cells,607,1740,Cells,607,1700
MeasureObjectNeighbors,48,Neighbors,Cells,607,1740,Cells,607,1703
MeasureObjectNeighbors,48,Neighbors,Cells,607,1740,Cells,607,1719
MeasureObjectNeighbors,48,Neighbors,Cells,607,1740,Cells,607,1737
MeasureObjectNeighbors,48,Neighbors,Cells,607,1740,Cells,607,1774
MeasureObjectNeighbors,48,Neighbors,Cells,640,884,Cells,640,827
MeasureObjectNeighbors,48,Neighbors,Cells,640,884,Cells,640,835
MeasureObjectNeighbors,48,Neighbors,Cells,640,884,Cells,640,881
MeasureObjectNeighbors,48,Neighbors,Cells,640,884,Cells,640,905
MeasureObjectNeighbors,48,Neighbors,Cells,640,884,Cells,640,932
MeasureObjectNeighbors,48,Neighbors,Cells,640,884,Cells,640,944
MeasureObjectNeighbors,48,Neighbors,Cells,644,413,Cells,644,355
MeasureObjectNeighbors,48,Neighbors,Cells,644,413,Cells,644,367
MeasureObjectNeighbors,48,Neighbors,Cells,644,413,Cells,644,400
MeasureObjectNeighbors,48,Neighbors,Cells,644,413,Cells,644,433
MeasureObjectNeighbors,48,Neighbors,Cells,644,413,Cells,644,475
MeasureObjectNeighbors,48,Neighbors,Cells,644,1030,Cells,644,1001
MeasureObjectNeighbors,48,Neighbors,Cells,644,1030,Cells,644,1012
MeasureObjectNeighbors,48,Neighbors,Cells,644,1030,Cells,644,1031
MeasureObjectNeighbors,48,Neighbors,Cells,644,1030,Cells,644,1048
MeasureObjectNeighbors,48,Neighbors,Cells,644,1030,Cells,644,1065
MeasureObjectNeighbors,48,Neighbors,Cells,644,1030,Cells,644,1081
MeasureObjectNeighbors,48,Neighbors,Cells,644,2704,Cells,644,2666
MeasureObjectNeighbors,48,Neighbors,Cells,644,2704,Cells,644,2677
MeasureObjectNeighbors,48,Neighbors,Cells,644,2704,Cells,644,2743
MeasureObjectNeighbors,48,Neighbors,Cells,671,570,Cells,671,528
MeasureObjectNeighbors,48,Neighbors,Cells,671,570,Cells,671,537
MeasureObjectNeighbors,48,Neighbors,Cells,671,570,Cells,671,556
MeasureObjectNeighbors,48,Neighbors,Cells,671,570,Cells,671,575
MeasureObjectNeighbors,48,Neighbors,Cells,671,570,Cells,671,597
MeasureObjectNeighbors,48,Neighbors,Cells,707,218,Cells,707,153
MeasureObjectNeighbors,48,Neighbors,Cells,707,218,Cells,707,154
MeasureObjectNeighbors,48,Neighbors,Cells,707,218,Cells,707,198
MeasureObjectNeighbors,48,Neighbors,Cells,707,218,Cells,707,224
MeasureObjectNeighbors,48,Neighbors,Cells,707,218,Cells,707,227
MeasureObjectNeighbors,48,Neighbors,Cells,707,218,Cells,707,259
MeasureObjectNeighbors,48,Neighbors,Cells,707,218,Cells,707,278
MeasureObjectNeighbors,48,Neighbors,Cells,736,1370,Cells,736,1413
MeasureObjectNeighbors,48,Neighbors,Cells,736,1370,Cells,736,1417
MeasureObjectNeighbors,48,Neighbors,Cells,736,1370,Cells,736,1448
MeasureObjectNeighbors,48,Neighbors,Cells,709,2305,Cells,709,2273
MeasureObjectNeighbors,48,Neighbors,Cells,709,2305,Cells,709,2293
MeasureObjectNeighbors,48,Neighbors,Cells,709,2305,Cells,709,2319
MeasureObjectNeighbors,48,Neighbors,Cells,714,675,Cells,714,596
MeasureObjectNeighbors,48,Neighbors,Cells,714,675,Cells,714,622
MeasureObjectNeighbors,48,Neighbors,Cells,714,675,Cells,714,671
MeasureObjectNeighbors,48,Neighbors,Cells,714,675,Cells,714,676
MeasureObjectNeighbors,48,Neighbors,Cells,714,675,Cells,714,727
MeasureObjectNeighbors,48,Neighbors,Cells,714,675,Cells,714,728
MeasureObjectNeighbors,48,Neighbors,Cells,739,99,Cells,739,78
MeasureObjectNeighbors,48,Neighbors,Cells,739,99,Cells,739,84
MeasureObjectNeighbors,48,Neighbors,Cells,739,99,Cells,739,102
MeasureObjectNeighbors,48,Neighbors,Cells,739,99,Cells,739,156
MeasureObjectNeighbors,48,Neighbors,Cells,739,2473,Cells,739,2443
MeasureObjectNeighbors,48,Neighbors,Cells,739,2473,Cells,739,2444
MeasureObjectNeighbors,48,Neighbors,Cells,739,2473,Cells,739,2488
MeasureObjectNeighbors,48,Neighbors,Cells,739,2473,Cells,739,2513
MeasureObjectNeighbors,48,Neighbors,Cells,739,2473,Cells,739,2525
MeasureObjectNeighbors,48,Neighbors,Cells,739,2480,Cells,739,2435
MeasureObjectNeighbors,48,Neighbors,Cells,739,2480,Cells,739,2445
MeasureObjectNeighbors,48,Neighbors,Cells,739,2480,Cells,739,2484
MeasureObjectNeighbors,48,Neighbors,Cells,739,2480,Cells,739,2507
MeasureObjectNeighbors,48,Neighbors,Cells,739,2480,Cells,739,2519
MeasureObjectNeighbors,48,Neighbors,Cells,739,2582,Cells,739,2531
MeasureObjectNeighbors,48,Neighbors,Cells,739,2582,Cells,739,2568
MeasureObjectNeighbors,48,Neighbors,Cells,739,2582,Cells,739,2635
MeasureObjectNeighbors,48,Neighbors,Cells,739,2582,Cells,739,2636
MeasureObjectNeighbors,48,Neighbors,Cells,754,26,Cells,754,19
MeasureObjectNeighbors,48,Neighbors,Cells,754,26,Cells,754,38
MeasureObjectNeighbors,48,Neighbors,Cells,754,26,Cells,754,50
MeasureObjectNeighbors,48,Neighbors,Cells,754,375,Cells,754,345
MeasureObjectNeighbors,48,Neighbors,Cells,754,375,Cells,754,365
MeasureObjectNeighbors,48,Neighbors,Cells,754,375,Cells,754,402
MeasureObjectNeighbors,48,Neighbors,Cells,754,412,Cells,754,377
MeasureObjectNeighbors,48,Neighbors,Cells,754,412,Cells,754,380
MeasureObjectNeighbors,48,Neighbors,Cells,754,412,Cells,754,396
MeasureObjectNeighbors,48,Neighbors,Cells,754,412,Cells,754,415
MeasureObjectNeighbors,48,Neighbors,Cells,754,412,Cells,754,432
MeasureObjectNeighbors,48,Neighbors,Cells,754,412,Cells,754,443
MeasureObjectNeighbors,48,Neighbors,Cells,783,2156,Cells,783,2131
MeasureObjectNeighbors,48,Neighbors,Cells,783,2156,Cells,783,2157
MeasureObjectNeighbors,48,Neighbors,Cells,783,2156,Cells,783,2166
MeasureObjectNeighbors,48,Neighbors,Cells,783,2156,Cells,783,2200
MeasureObjectNeighbors,48,Neighbors,Cells,783,2406,Cells,783,2345
MeasureObjectNeighbors,48,Neighbors,Cells,783,2406,Cells,783,2373
MeasureObjectNeighbors,48,Neighbors,Cells,783,2406,Cells,783,2447
MeasureObjectNeighbors,48,Neighbors,Cells,783,2406,Cells,783,2453
MeasureObjectNeighbors,48,Neighbors,Cells,806,1473,Cells,806,1442
MeasureObjectNeighbors,48,Neighbors,Cells,806,1473,Cells,806,1447
MeasureObjectNeighbors,48,Neighbors,Cells,806,1473,Cells,806,1481
MeasureObjectNeighbors,48,Neighbors,Cells,806,1473,Cells,806,1495
MeasureObjectNeighbors,48,Neighbors,Cells,806,1473,Cells,806,1500
MeasureObjectNeighbors,48,Neighbors,Cells,806,1473,Cells,806,1507
MeasureObjectNeighbors,48,Neighbors,Cells,808,1330,Cells,808,1243
MeasureObjectNeighbors,48,Neighbors,Cells,808,1330,Cells,808,1296
MeasureObjectNeighbors,48,Neighbors,Cells,808,1330,Cells,808,1307
MeasureObjectNeighbors,48,Neighbors,Cells,808,1330,Cells,808,1311
MeasureObjectNeighbors,48,Neighbors,Cells,808,1330,Cells,808,1358
MeasureObjectNeighbors,48,Neighbors,Cells,808,1330,Cells,808,1364
MeasureObjectNeighbors,48,Neighbors,Cells,808,2395,Cells,808,2335
MeasureObjectNeighbors,48,Neighbors,Cells,808,2395,Cells,808,2357
MeasureObjectNeighbors,48,Neighbors,Cells,808,2395,Cells,808,2396
MeasureObjectNeighbors,48,Neighbors,Cells,808,2395,Cells,808,2398
MeasureObjectNeighbors,48,Neighbors,Cells,808,2395,Cells,808,2432
MeasureObjectNeighbors,48,Neighbors,Cells,808,2395,Cells,808,2466
MeasureObjectNeighbors,48,Neighbors,Cells,804,1906,Cells,804,1850
MeasureObjectNeighbors,48,Neighbors,Cells,804,1906,Cells,804,1935
MeasureObjectNeighbors,48,Neighbors,Cells,804,1906,Cells,804,1946
MeasureObjectNeighbors,48,Neighbors,Cells,804,3440,Cells,804,3398
MeasureObjectNeighbors,48,Neighbors,Cells,804,3440,Cells,804,3462
MeasureObjectNeighbors,48,Neighbors,Cells,804,3440,Cells,804,3548
MeasureObjectNeighbors,48,Neighbors,Cells,804,3440,Cells,804,3554
MeasureObjectNeighbors,48,Neighbors,Cells,838,151,Cells,838,121
MeasureObjectNeighbors,48,Neighbors,Cells,838,151,Cells,838,148
MeasureObjectNeighbors,48,Neighbors,Cells,838,151,Cells,838,152
MeasureObjectNeighbors,48,Neighbors,Cells,838,956,Cells,838,907
MeasureObjectNeighbors,48,Neighbors,Cells,838,956,Cells,838,926
MeasureObjectNeighbors,48,Neighbors,Cells,838,956,Cells,838,968
MeasureObjectNeighbors,48,Neighbors,Cells,838,956,Cells,838,981
MeasureObjectNeighbors,48,Neighbors,Cells,838,956,Cells,838,985
MeasureObjectNeighbors,48,Neighbors,Cells,838,956,Cells,838,1019
MeasureObjectNeighbors,48,Neighbors,Cells,838,1407,Cells,838,1374
MeasureObjectNeighbors,48,Neighbors,Cells,838,1407,Cells,838,1380
MeasureObjectNeighbors,48,Neighbors,Cells,838,1407,Cells,838,1431
MeasureObjectNeighbors,48,Neighbors,Cells,838,1407,Cells,838,1433
MeasureObjectNeighbors,48,Neighbors,Cells,838,1760,Cells,838,1717
MeasureObjectNeighbors,48,Neighbors,Cells,838,1760,Cells,838,1721
MeasureObjectNeighbors,48,Neighbors,Cells,838,1760,Cells,838,1745
MeasureObjectNeighbors,48,Neighbors,Cells,838,1760,Cells,838,1766
MeasureObjectNeighbors,48,Neighbors,Cells,838,1760,Cells,838,1791
MeasureObjectNeighbors,48,Neighbors,Cells,838,1760,Cells,838,1792
RelateObjects,26,Child,Cells,95,201,Islets,95,2
RelateObjects,26,Child,Cells,141,500,Islets,141,1
RelateObjects,26,Child,Cells,326,642,Islets,326,1
RelateObjects,26,Child,Cells,354,402,Islets,354,1
RelateObjects,26,Child,Cells,382,1353,Islets,382,1
RelateObjects,26,Child,Cells,370,1847,Islets,370,5
RelateObjects,26,Child,Cells,575,788,Islets,575,2
RelateObjects,26,Child,Cells,607,457,Islets,607,1
RelateObjects,26,Child,Cells,607,1448,Islets,607,5
RelateObjects,26,Child,Cells,754,412,Islets,754,3
RelateObjects,26,Child,Cells,838,956,Islets,838,2
